{
  "dll-no-cache": {
    "speeds": [
      17.398,
      17.353,
      18.651,
      16.605
    ],
    "avgSpeed": 17.50175
  },
  "dll-with-cache": {
    "speeds": [
      6.619,
      6.595,
      6.742
    ],
    "avgSpeed": 6.652
  },
  "no-dll-no-cache": {
    "speeds": [
      16.889,
      15.765,
      15.885
    ],
    "avgSpeed": 16.179666666666666
  },
  "no-dll-with-cache": {
    "speeds": [
      11.654,
      8.183,
      7.545,
      7.52
    ],
    "avgSpeed": 8.7255
  },
  "no-dll-no-cache-no-thread": {
    "speeds": [
      17.91,
      17.826,
      11.001,
      7.415,
      9.236,
      39.038,
      5.132,
      5.147,
      17.524,
      479.398,
      494.494,
      562.499,
      579.575,
      730.936,
      743.324,
      885.169,
      901.396,
      954.318,
      981.242,
      1011.697,
      1102.472,
      1193.699,
      1262.248,
      1369.883,
      1422.855,
      1459.646,
      1472.933,
      1496.209,
      1778.876,
      1854.481,
      1892.332,
      1908.541,
      1931.915,
      1995.501,
      2008.283,
      2035.954,
      2077.398,
      2410.473,
      2585.851,
      2871.453,
      3365.833,
      4340.147,
      4352.049,
      4367.812,
      4389.417,
      4409.288,
      4451.613,
      4458.883,
      4477.025,
      4524.509,
      4750.804,
      4769.091,
      4797.013,
      4862.68,
      4889.955,
      4945.906,
      4956.706,
      4978.964,
      5003.494,
      5028.058,
      5066.708,
      5073.876,
      5090.754,
      5126.14,
      5175.081,
      5186.204,
      5194.329,
      5253.783,
      5312.696,
      5362.067,
      5411.618,
      5441.999,
      5660.114,
      5666.8,
      5825.292,
      5877.028,
      5929.973,
      6046.197,
      6053.931,
      6075.662,
      6096.779,
      6114.909,
      6142.033,
      6179.189,
      12.343,
      14.257,
      70.84,
      86.141,
      12.318,
      27.98,
      51.353,
      75.905,
      13.763,
      109.311,
      11.823,
      75.78,
      7.589,
      98.191,
      234.608,
      11.871,
      17.223,
      11.791,
      49.244,
      74.132,
      46.337,
      54.058,
      8.363,
      360.425,
      367.88,
      464.611,
      519.622,
      666.804,
      1434.965,
      1692.152,
      2136.095,
      16.58,
      98.85,
      150.794,
      12.204,
      9787.853,
      9833.817,
      9876.94,
      12554.229
    ],
    "avgSpeed": 2619.648219512195
  }
}